nro_conabip,id_departamento,año_fundacion,mail
1278,6007,1925,ccibiblio@hotmail.com
1062,6014,1925,bipobrchaves@yahoo.com.ar
2170,6014,1942,barrerabp@hotmail.com
1554,6021,1925,eleana_1983@hotmail.com
3792,6028,1980,bpmgandhi@tutopia.com
2870,6028,1969,bibliorojaspaz@gmail.com
3952,6028,1998,bib_manuelbelgrano_glew@yahoo.com.ar
4260,6028,2007,neanvi@yahoo.com.ar
2982,6028,1956,bibmfierro@yahoo.com.ar
3841,6028,1999,atahualpa1999@gmail.com
2296,6035,1932,bibpopularmitre@yahoo.com.ar
2543,6035,1940,bjmarmol@yahoo.com.ar
3063,6035,2001,spebpop@gmail.com
3561,6035,1996,bipopalacios@yahoo.com.ar
3824,6035,1919,bpmavellaneda@hotmail.com
4136,6035,1980,bibliotecabravo@yahoo.com.ar
3908,6035,1998,bibliotecapopulardocksud@gmail.com
252,6035,1918,punkyflores69@hotmail.com
3719,6035,1987,bibliotecapopularpteavellaneda@yahoo.com.ar
4192,6035,1980,bsfsarmiento1925@yahoo.com.ar
3051,6035,1985,bnicolasavellaneda@yahoo.com.ar
4265,6035,2008,bibliotecapopularoscarsmith@yahoo.com
2068,6049,1939,bibliochillar@yahoo.com.ar
1663,6056,1922,bibliotecabmitre@yahoo.com.ar
3587,6056,1980,bibliotecamallea@yahoo.com.ar
3795,6056,1996,bpggbb@yahoo.com.ar
3929,6056,2000,biblioteca_rosariosur@yahoo.com.ar
4022,6056,1996,bibpopgabmistral@yahoo.com.ar
4137,6056,1980,simonrodriguezbiblioteca@gmail.com
4155,6056,1980,biblioduprat@gmail.com
4256,6056,2006,bibliotecamartinallica@yahoo.com.ar
1465,6056,1925,bibliomarianomorenoiw@gmail.com
3132,6056,1989,bibliotecapronsato@yahoo.com.ar
1021,6063,1923,bibliotecapizzurno@yahoo.com.ar
2688,6077,1939,bibmitre@yahoo.com.ar
2723,6084,1946,bipopbernaltorres@gmail.com
1280,6091,1924,bpmbelgrano@hotmail.com
3046,6091,1986,bibliotecapadremugica@hotmail.com
4075,6091,2002,bibliotecapopularjmgutierrez@hotmail.com
3033,6091,1984,bibliotecadeplatanos@yahoo.com.ar
4169,6091,1980,ranelaghbibliocampo@yahoo.com.ar
1864,6098,1935,bibliopopularpestalozzi@gmail.com
2473,6098,1949,bibliotecaguiraldes@yahoo.com.ar
3692,6098,1995,pascualruberto@hotmail.com
93,6105,1911,bib_rivadavia@yahoo.com.ar
1478,6105,1926,cultural_07@yahoo.com.ar
1769,6105,1933,bpurdampilleta@yahoo.com.ar
2191,6112,1943,bbelgrano@yahoo.com.ar
2135,6021,1940,bpjimechita@live.com.ar
4142,6112,1980,bpjiwarnes@yahoo.com.ar
4166,6119,1980,gallardosandra@hotmail.com
3468,6126,1992,bibliotecatraverso@yahoo.com.ar
1266,6134,1927,bibliotecapopulardfsarmiento@hotmail.com
3900,6134,1980,sanestebanbibliotecapopular@yahoo.com.ar <SANESTEBANBIBLIOTECAPOPULAR@YAHOO.COM.AR>
1002,6140,1923,bpalmafuerte@hotmail.com
2861,6147,1963,biblioingenieros@gmail.com
4289,6147,2009,biblioellibroalegre@hotmail.com.ar
268,6154,1916,bibliotejedor@yahoo.com.ar
258,6154,1920,sanjose@servicoopsa.com.ar
270,6161,1914,bibliocada@yahoo.com.ar
2264,6168,1940,biblicast@yahoo.com.ar
3038,6217,1982,biblovillalujan@hotmail.com
3189,6217,1986,biblioteka_jso@yahoo.com
3631,6217,1994,labiblioamb@hotmail.com
3890,6217,1997,bibliotecaipora2000@yahoo.com.ar
4334,6182,2002,bibliomercedesdesanmartin@gmail.com
3483,6189,1982,biblioelperdido@gmail.com
1347,6189,1928,biblioameghino@altisa.com.ar
101,6203,1915,bibliotecasarmiento_2000@yahoo.com.ar
3591,6203,1991,glabuscfliawach@gmail.com
3894,6203,1969,bibliotecapopularhuanguelen@gmail.com
1770,6182,1933,bibjbalberdi@gmail.com
3364,6182,1980,nancy_flo@hotmail.com
4065,6245,1980,anamzanoni@yahoo.com.ar
1673,6252,1932,bp20dediciembre@gmail.com
861,6252,1929,alberdibiblio@yahoo.com.ar
2843,6260,1964,bibliotecaameghino@gmail.com
4357,6270,1993,bibliotecaeltrebol@gmail.com
2810,6270,1959,bpdfsts@yahoo.com.ar
123,6274,1920,bibliotecasarmiento_varela@yahoo.com.ar
3158,6274,1985,almafuertebib@yahoo.com.ar
3499,6274,1980,arravera@hotmail.com
3926,6274,1980,bibliotecahugodelcarril@gmail.com
4051,6274,1980,bibliostomas@yahoo.com.ar
4242,6274,2004,bpdemuro@live.com.ar
4170,6274,1980,bibliotecaflorenciosanchez@yahoo.com.ar
3518,6280,1976,biblioteca_miramar@yahoo.com.ar
131,6287,1915,bibliofbalcarce@yahoo.com.ar
2914,6322,1944,nesoa_07@yahoo.com.ar
3292,6336,1974,bibliotecaglavalle@hotmail.com
3633,6351,1996,bibliogranada@yahoo.com.ar
3922,6351,2000,bibliotecapopularjuan23@hotmail.com
2501,6385,1939,bibpopmm_lostoldos@yahoo.com.ar
3724,6392,1961,bibliob@yahoo.com.ar
3196,6392,1991,biblio@cseca.com.ar
3194,6392,1935,biblio@servicoopsa.com.ar
3197,6392,1979,blynch@servicoopsa.com.ar
3339,6392,1991,biblioteca_fortingainza09@hotmail.com
3715,6399,1980,bibliojh97@yahoo.com.ar
4069,6399,2000,bparditirocha@hotmail.com
4177,6399,1980,bpaliciatmorales_garre@yahoo.com.ar
1248,6406,1922,bibliopopalmafuerte@yahoo.com.ar
3621,6408,1980,biblioapalacios@yahoo.com.ar
4002,6410,2000,bibliotecalatradicion@yahoo.com.ar
1809,6413,1933,biblioteca9dejulio@gmail.com
1874,6413,1929,armando_de_miguel@hotmail.com
4389,6413,2022,piosoberanobibliotecapopular@gmail.com
3696,6420,1985,biblo093@yahoo.com.ar
3574,6420,1992,bibliotecamardeltuyu@yahoo.com.ar
4368,6420,2005,bibliotecasobral@yahoo.com.ar
4125,6420,1980,bib-arocha@educar
3128,6420,1980,ctc0057@hotmail.com
4299,6427,1976,bibliotecamflara@hotmail.com
3293,6427,1980,fundaciondeliacdea@gmail.com
4182,6427,1980,bibliotecapopularrotaria@yahoo.com.ar
4010,6427,1998,amigosdelatablada@yahoo.com.ar
4228,6427,1980,biblioteca_alma@hotmail.com
3921,6427,2000,bptinkunaku@yahoo.com.ar
3203,6427,1993,bibalma@yahoo.com.ar
3762,6427,1999,biblioteca303@yahoo.com.ar
4338,6427,2003,bibliotecapopularimagen121@gmail.com
1880,6427,1930,bibliomoreno@yahoo.com.ar
4041,6427,1999,biblioteca308@yahoo.com.ar
2585,6441,1936,bibliofameghino@yahoo.com.ar
165,6441,1918,bibliotecaalborada@yahoo.com
2069,6441,1936,bibliotecapopularsanmartin@hotmail.com
2098,6441,1929,bibliotecameridianov@hotmail.com
2127,6441,1941,bprepetto@gmail.com
2323,6441,1945,bibliotecafameghino@hotmail.com
2436,6441,1944,bibliojuanvucetich@gmail.com
3717,6441,1980,bib.homeromanzi@gmail.com
3877,6441,1993,biblioteca_elizalde@yahoo.com.ar
3954,6441,1980,casadeltango_lp@hotmail.com.ar
4140,6441,2001,bibliopcarlosbormida@yahoo.com.ar
4171,6441,1980,ongenlazandopalabras@hotmail.com
4288,6441,2011,delotroladodelarbol@hotmail.com
4376,6441,2007,lagrietaylachicharra@gmail.com
2271,6441,1933,cfloshornos@yahoo.com.ar
3211,6441,1980,biblioharosteguy@yahoo.com.ar
1920,6441,1936,bibpopmarianomoreno@hotmail.com
4066,6441,1999,bibliotecatupacamaru@yahoo.com.ar
3431,6434,1980,bibliopopameghino@hotmail.com
4135,6434,1980,bibliotecapopularmontechingolo@gmail.com
2676,6434,1919,balberdiescalada@gmail.com
2767,6434,1955,bibliotecabarriocanal@yahoo.com.ar
3828,6434,1930,roxanacaterbetti42@hotmail.com
294,6434,1918,bibliotecasarmiento@yahoo.com.ar
1706,6434,1914,bibprimerodemayo@hotmail.com
2134,6448,1940,bplaprida@yahoo.com.ar
87,6462,1916,bibliotecapopular@live.com.ar
3153,6462,1988,nuevabibliomatienzo@hotmail.com
2872,6462,1961,bibvedia@yahoo.com.ar
1684,6469,1932,bibliobayauca@hotmail.com
2729,6469,1958,bibliosalas@yahoo.com.ar
3622,6476,1993,bibliopopularsanmanuel@gmail.com
175,6483,1912,ccplbsarmiento@yahoo.com.ar
1193,6483,1902,bibliocapponi@yahoo.com.ar
4196,6490,1980,bipopu_argentinos07@yahoo.com.ar
173,6490,1900,bibliotecamentruytespectaculos@gmail.com
4115,6490,2002,bibjuliocortazar@yahoo.com.ar
4121,6490,2003,bibliotecapopulardelaciudad@gmail.com
2401,6490,1980,bibliolonghi@hotmail.com
3754,6490,1980,bibliotecasanjose2000@yahoo.com.ar
4008,6490,2000,bibliotecapopular_sanjuan@hotmail.com
4340,6497,2001,lecturaenck@gmail.com
168,6497,1914,salonesbibliotecaameghino@gmail.com
1257,6497,1926,bibliotecaopendoor@hotmail.com
4219,6505,2008,bpegirardengo@gmail.com
2931,6515,1975,bibwcm@yahoo.com.ar
3668,6515,1998,monbe3@hotmail.com
3785,6515,1998,bibliotecapolvorines@gmail.com
4241,6518,1977,bibliotecadepiran@yahoo.com.ar
1998,6525,1936,bibliopop.gsm@gmail.com
3999,6539,2000,info@bibliotecaguiraldes.com.ar
2662,6547,1950,bp_manuelbelgrano@hotmail.com
2673,6560,1954,bibliotecambon@live.com.ar
4336,6560,2008,bibliotkalmafuerte@gmail.com
4134,6560,1980,bibliotecasanjoseobrero@gmail.com
2243,6560,1916,biblioteca@cbmm.com.ar
3248,6560,1980,bphoracioquiroga@hotmail.com
2804,6560,1958,bibliopop.pasodelrey@hotmail.es
2324,6560,1945,bibliogiuffra@hotmail.com
4040,6560,2001,bibliotecajauretche@yahoo.com.ar
4274,6560,1999,biblioparlantesur@hotmail.com
3901,6568,1997,biblioteca_jsgaviota@hotmail.com
3885,6574,1980,biblioalma@yahoo.com.ar
195,6574,1907,biberenchu@copesnet.com.ar
1309,6581,1926,joseestrada@arnet.com.ar.
3552,6581,1980,biblioquequen@hotmail.com
201,6595,1904,bibliotecaferroviaria@hotmail.com
3652,6595,1996,biblioteca_amoroso@yahoo.com.ar
3811,6595,1998,biblioindependencia@hotmail.com
2371,6595,1948,bibliotecasb@yahoo.com.ar
4384,6595,2021,delotroladodelarbolenolavarria@gmail.com
1246,6602,1927,bibpopcervantes@yahoo.com.ar
2646,6609,1952,bibliotecamadero@live.com.ar
215,6609,1910,bibrivadavia@gmail.com
3255,6609,1993,biblioteca3255@yahoo.com.ar
1743,6623,1926,bibliomo@hotmail.com
213,6623,1900,bibliotecamenendez@yahoo.com.ar
3966,6638,2002,bibliopuma@yahoo.com.ar
4250,6638,2007,marianoadot6@yahoo.com.ar
4366,6638,2001,bibliotecamanzanares@hotmail.com
898,6638,1922,bibliotecapilar@yahoo.com.ar
4344,6638,2008,biblioteca.palabrasdelalma@gmail.com
2887,6644,1970,biblioteca@telpin.com.ar
3968,6651,1990,casadelacultura2002@yahoo.com.ar
4222,6651,1988,bibliotecapopularsur@yahoo.com.ar
3984,6091,1980,bibliotecafundaterra@yahoo.com.ar
2090,6658,1972,bibbosco@hotmail.com
3752,6658,1998,bastorni@yahoo.com.ar
2788,6658,1959,bibliotecapopularpedrogoyena@yahoo.com.ar
3969,6658,2000,bibliotecapopularcooperarios@yahoo.com.ar
4156,6658,1980,bibliotecajmvilaseca@gmail.com
4311,6658,2011,delriobiblioteca@yahoo.com.ar
3157,6665,1995,bibliozampa@hotmail.com
221,6672,1920,bibliotecapopulargsrauch@gmail.com
4205,6672,2001,bibliotecaevaperon.rauch@yahoo.com.ar
3697,6679,1980,bibliomunicipal.rivadavia@gmail.com
2341,6693,1946,giseafrica@yahoo.com.ar
210,6700,1914,bib.sarmiento.pigue@gmail.com
236,6700,1916,biblioteca_jbalberdi@yahoo.com.ar
4127,6714,1980,renacer465adulce@hotmail.com.ar
230,6735,2006,rot14@hotmail.com
2815,6735,1957,bmarianomoreno@yahoo.com.ar
2022,6749,1939,bpromulonaon@gmail.com
4188,6756,1980,bpcavajoven@yahoo.com.ar
287,6371,1914,bibliopopsanmartin2001@yahoo.com.ar
4175,6371,1980,biblosnuevoser@hotmail.com
1242,6371,1927,bpalberdi@gmail.com
2830,6371,1964,bibliopombo@gmail.com
4178,6371,1980,humbertobielli@hotmail.com
1178,6371,1925,bibliotecarivadavia@yahoo.es
3473,6371,1945,chapmaris@hotmail.com
3994,6371,2000,bibliorioplatense@hotmail.com
4073,6371,1980,bibliomurillo@yahoo.com.ar
3644,6760,1996,bphmunzon@hotmail.com
3658,6760,1995,bibliotecaentretodos@yahoo.com.ar
4212,6760,1980,bpelfaro@gmail.com
125,6760,1913,bibliotecadfs@hotmail.com
4116,6763,2000,bibdelcarmen709@gmail.com
1228,6770,1927,bibliotecadfsarmiento@gmail.com
997,6778,1923,bpsarkorn@yahoo.com.ar
1502,6784,1930,bibliotecaymuseo@yahoo.com.ar
4367,6791,2011,biblioviejaescuela@gmail.com
238,6791,1916,bibliotecajbalberdi@yahoo.com.ar
240,6791,1908,bpbrtandil@hotmail.com
3001,6791,1980,bibliotecasarmiento1940@yahoo.com.ar
3010,6791,1978,biblioteca_valor@hotmail.com
3075,6791,1984,tcdehesa@yahoo.com.ar
3802,6791,1998,bpalbarracin@yahoo.com.ar
3906,6791,1999,bibliotecaghezzi@gmail.com
3173,6798,1980,biblio@tapalque.mun.gba.gov.ar
3050,6805,1985,biblios@netben.com.ar
3689,6805,1993,bpjingenieros@hotmail.com
4005,6805,1980,bibliotecammoreno@hotmail.com
3318,6805,1992,bibliotecaeltalar@yahoo.com.ar
4216,6805,2003,bibliotroncos@yahoo.com.ar
4292,6805,2008,comunitariocaraguata@yahoo.com.ar
4352,6805,2014,bpseamoslibres@yahoo.com
3262,6819,1980,bibliotecasaldungaray@gmail.com
3296,6819,1993,labibliomoreno@gmail.com
966,6819,1917,bibliotecatornquist@yahoo.com.ar
4120,6819,2001,bpmacedonio@gmail.com
244,6826,1903,bibliotecarivadavia_tl@yahoo.com.ar
3837,6833,1971,bibliohoussay@yahoo.com.ar
4017,6833,1935,biblioluzycultura@hotmail.com
1299,6833,1927,catriel_h@hotmail.com
3383,6833,1994,biblioretaunmuli@3net.com.ar
3267,6833,1993,bibsanfrabe@yahoo.com.ar
1388,6833,1930,marialemorcillo@gmail.com
4221,6833,1980,bibliotecalatranquera@hotmail.com
4348,6833,2006,bibliotecahdelgiorgio@gmail.com
115,6840,1914,bpalberdi@yahoo.com.ar
1028,6840,1921,lamitredecaseros@gmail.com
2275,6840,1944,bibitalar@hotmail.com
3727,6840,1997,biblo15deagosto@hotmail.com
4193,6840,1946,bibpopsanmartin@gmail.com
2711,6840,1925,biblioteca_jose_ingenieros@yahoo.com.ar
860,6840,1920,bpmoreno@hotmail.com
1191,6840,1926,biblioalmafuerte@hotmail.com
4129,6861,1980,bibliotecapopulararandu@hotmail.com
4210,6861,2008,bpsudestada@yahoo.com.ar
3830,6861,1958,bibliotecapopularbdelom@yahoo.com.ar
3254,6875,1982,bibliotecaascasubi2019@gmail.com
2040,6875,1939,bbcamitre@yahoo.com.ar
914,6882,1922,cpcultura@hotmail.com
730,10042,1980,bibliochum@yahoo.com.ar
2958,10063,1965,bibpop-lacarrera@yahoo.com.ar
2991,10063,1979,bibliotecaesquiu2991@yahoo.com.ar
3469,10098,1980,bibliotecapopularfranco@hotmail.com
3654,10098,1997,bibliotecasantarosa@yahoo.com.ar
2967,10112,1980,bibliotecapopularsumalao@hotmail.com
3310,22039,1981,biblpoparc@yahoo.com.ar
3389,22168,1995,gladysf_cajcepn7@yahoo.com.ar
3344,22105,1980,biblioteca-eet5@hotmail.com
3409,22105,1974,bibliovigil21@gmail.com
3507,22105,1991,fanischlegel@hotmail.com
4105,22014,2004,bibliotecalaleonesa@yahoo.com.ar
3465,22028,1966,bibliotecapueyrredon@gmail.com
3003,22021,1980,bibliotecapibernus@hotmail.com
3004,22049,1980,josealumnibp72@gmail.com
3548,22056,1980,bibliotecaaguado_lv@hotmail.com
3456,22056,1980,bcajaimehomar@yahoo.com.ar
2907,22063,1980,bcapopularcastellichaco@yahoo.com.ar
2297,22084,1945,bibciervopetiso@yahoo.com.ar
3457,22084,1980,bibliotecatuckey@live.com.ar
3459,22084,1980,bibnoronha@yahoo.com.ar
3673,22084,1980,bibliotecabp136@hotmail.com.ar
3439,22098,1960,3439bp@gmail.com
3458,22098,1976,anexo@vai.com.ar
3492,22112,1975,bib_cervantes@yahoo.com.ar
3353,22119,1967,bib_pop_estrada_plaza@hotmail.com
3582,22133,1960,bibliotecafontana@gmail.com
3674,22133,1980,andolfibiblioteca@hotmail.com
783,22140,1980,bibliommoreno@hotmail.com
3450,22140,1980,bib.juanramonlestani@hotmail.com
4313,22140,1981,bibliotecamalvinas@hotmail.com
992,22140,1923,bipisarello@yahoo.com.ar
3005,22140,1972,delcentenario1@hotmail.com
779,22140,1909,biblio80rivadavia@yahoo.com.ar
2198,22140,1942,bcalynch50@yahoo.com.ar
2608,22140,1951,bibliotecaremediosdeescalada@yahoo.com.ar
2686,22140,1925,bibliotecabelgrano@gmail.com
2692,22140,1955,bib.herrera2692@hotmail.com
3009,22140,1972,bepcgc@yahoo.com.ar
3148,22140,1986,nuestrabiblio@hotmail.com
3281,22140,1980,bibliotecapopulartorres@yahoo.com.ar
3345,22140,1975,biblioguasti@yahoo.com.ar
3349,22140,1961,bibpopesas@hotmail.com
3418,22140,1961,bibliotecaurdapilleta@hotmail.com.ar
3432,22140,1970,bibpopbrumana@hotmail.com
3437,22140,1980,biblioprin@yahoo.com.ar
3446,22140,1980,bibliope_bartolomemitre@hotmail.com
3453,22140,1987,popularevita2012@yahoo.com.ar
3477,22140,1991,bcaperon@yahoo.com.ar
3534,22140,1984,bca_alfredoveirave@hotmail.com
3535,22140,1970,bibliotecabarzana@hotmail.com
3543,22140,1961,bibliobligado@hotmail.com
2185,22147,1943,biblioteca113@yahoo.com.ar
3460,22154,1981,meduc.bibws@ecomchaco.com.ar
3549,22154,1971,domingocapozzolo@yahoo.es
3000,22154,1975,bibricardoguiraldes@yahoo.com.ar 
4259,26007,2008,bibliotecachubutparatodos@hotmail.com
4339,26007,2011,bibliotecaraulalfonsinmadryn@hotmail.com
3277,26007,1980,bibliotecacobo@gmail.com
3959,26014,1980,bibliotecarucaraquizuam@hotmail.com.ar
4306,26014,2011,bpelblanco@hotmail.com
4047,26014,2001,bibrincon@gmail.com
3821,26014,1993,bibliotecapopularelmaiten@gmail.com
3037,26014,1980,biblagopuelo@yahoo.com.ar
3506,26021,1980,bcapoptroncoso@hotmail.com
3899,26021,1996,ledmuriel@yahoo.com
4331,26021,2007,hola@labibliotecadeastra.com
4249,26035,2007,bibliotecatolkeyen@yahoo.com.ar
3041,26042,1939,bibliopopberwyn@gmail.com
3378,26077,1980,karinaovelar@hotmail.com
4143,26077,1980,biblioteca_simon@hotmail.com
1819,26077,1934,bpaatw@gmail.com
3080,26077,1984,bibpopfcoguerra84@hotmail.com
3632,26077,1980,bibloprogreso4@hotmail.com
3732,26077,1998,bp.benedictoterrone@gmail.com
3835,26077,1996,bpkim-hue@hotmail.com
2551,26091,1911,biblioteca2551@yahoo.com.ar
2453,26098,1949,clara_petachi@hotmail.com
4252,2000,2004,tesis11@tesis11.org.ar
1344,2000,1928,trjgonzalez@outlook.com
1843,2000,1980,bibliotecabelisarioroldan@yahoo.com.ar
4266,2000,2005,bplamemoria@gmail.com
4268,2000,2010,bibliopopuche@hotmail.com.ar
4295,2000,2009,bibliotecapopularmanuelugarte@gmail.com
4341,2000,2010,biblio.26dejulio@gmail.com
947,2000,1918,bpcienciaylabor@gmail.com
1131,2000,1907,bibliomorris@hotmail.com
1187,2000,1920,bibliotecapueyrredonsud@gmail.com
1351,2000,1928,susanapariani@hotmail.com
1375,2000,1915,bibliotecabecciu@gmail.com
1943,2000,1924,bibliotecabrivadavia@yahoo.com.ar
2014,2000,1936,bibliotecanazar@yahoo.com.ar
2111,2000,1980,centroproteccion@latinmail.com
2177,2000,1980,bibliotecapopularmarianoboedo@yahoo.com.ar
2233,2000,1929,asocvecvilladelparque@hotmail.com
2558,2000,1950,asociacionalvear@yahoo.com.ar
2916,2000,1941,bibazarolagil@hotmail.com
2994,2000,1932,bibliotecarebagliati@yahoo.com.ar
3019,2000,1933,bibliobocajuniors@yahoo.com.ar
4034,2000,2001,bibliotecapopularpiedrabuena@gmail.com
4197,2000,1980,bpflacroze@gmail.com
4207,2000,1980,carlossanchezviamonte@yahoo.com.ar
18,2000,1916,asociacionroffo@yahoo.com.ar
19,2000,1910,popular12deoctubre@hotmail.com
28,2000,1916,bibliotecapueyrredon@hotmail.com
32,2000,1910,bibliotecapopularalberdi@yahoo.com.ar
78,2000,1917,bibliotecajerodo@yahoo.com.ar
3904,14007,2000,bibliopopularf.enrique@hotmail.com
4346,14007,2011,bibliotecapopularlosreartes@gmail.com
3769,14007,1998,biblio.vgb@gmail.com
3645,14007,1998,bibliotecarojas@yahoo.com.ar
870,14014,1911,biblialberdi@yahoo.com.ar
2257,14014,1944,bibliotecatejeda@hotmail.com
2776,14014,1959,biblioteca_lac@hotmail.com
3042,14014,1980,bibliotecamalvinasargentinas@hotmail.com
3127,14014,1980,nuevabibliomatienzo@hotmail.com
3572,14014,1986,bibliotecapopularhugowast@yahoo.com.ar
3707,14014,1995,bpra3707@gmail.com
3845,14014,1999,biblioalfonsinastorni@gmail.com
3905,14014,1990,bibpopmijardin@gmail.com
4028,14014,1980,bpatahualpa@hotmail.com
4243,14014,1980,bibliotecacortazarcba@yahoo.com.ar
4245,14014,2005,bibpopmsaleme@yahoo.com.ar
4286,14014,2007,bibliotecapopularlibertad@yahoo.com.ar
4309,14014,2007,bibliopopmadretc@yahoo.com.ar
4322,14014,2010,bpbinaudi@gmail.com
4351,14014,2012,bibliotecacasadelpueblo@gmail.com
1659,14021,1932,bibliotecapopularlabicicleta@gmail.com
4290,14021,2010,bping.dumesnil@hotmail.com
4383,14021,2009,sayanacentroculturaleltalar@hotmail.com
4203,14021,1980,bibliotecaragonking@yahoo.com.ar
4277,14021,2009,bibliocawana@gmail.com
4037,14035,1984,bpdelcampillo@delcampillocoop.com.ar
545,14035,1919,b.sarmiento@hotmail.com
2021,14035,1937,bpjovita@jovitacoop.com.ar
4398,14035,2022,bibliotecavillavaleria@gmail.com
3723,14042,1980,bpjhernandez@hotmail.com
567,14042,1904,secretaria_gral@bibliotecarivadavia.edu.ar
2406,14042,1942,biblioteca.marianomoreno@villamaria.gob.ar
3691,14042,1997,biblioteca_altamira@hotmail.com
1403,14049,1929,bibliotecamm2013@gmail.com
1872,14049,1933,bjingenieros@intinet.com.ar
3595,14056,1997,bibliopopcarnerillo@yahoo.com.ar
2615,14056,1951,bibpopjlc@yahoo.com.ar
2321,14063,1918,bibliotecacdb@yahoo.com
3593,14063,1980,bipop3593@hotmail.com
3592,14063,1980,bibliotecapopularlidiacesanelli@yahoo.com.ar
1758,14063,1917,juanbenitzbiblioteca@gmail.com
544,14084,1914,bibliotecaflorentinoameghino@hotmail.com
2330,14091,1946,bp2330@bepe.ar
4016,14091,2000,bibliotecajhernandez@tutopia.com
1867,14091,1934,bibliotecapopularsarmiento@yahoo.com.ar
3629,14091,1997,blugones@gmail.com
3568,14098,1980,bpbischoff@hotmail.com
2866,14098,1969,bibliotecarrojas@hotmail.com
1756,14098,1929,bibatelleria@hotmail.com
3011,14098,1966,biblioasuncion@hotmail.com
1500,14098,1930,juanbalberdi1500@yahoo.com.ar
588,14098,1915,bibliosarmiento1915@yahoo.com.ar
3015,14098,1970,bibliotecasscc@hotmail.com
4097,14098,1980,bpscoronel@yahoo.com.ar
3729,14098,1980,gracielavaia@hotmail.com
4312,14021,2006,bpjlborgeslapuerta@hotmail.com
4244,14105,2006,biblio_alejocg@hotmail.com
2534,14119,1950,bpsmo@yahoo.com.ar
3586,14119,1996,bpguerbe@hotmail.com
3620,14126,1996,info@ordendelcolmenar.com.ar
4395,14126,2011,bibliotecaelmanantialcb@gmail.com
3983,14133,1980,bibliohornillos@yahoo.com.ar
4294,14133,2010,bibliotecapopulardeluyaba@yahoo.com.ar
4213,14133,1980,bibliotecapopularvilladelasrosas@yahoo.com.ar
4145,14140,1980,biblioalicia16@yahoo.com.ar
3990,14140,1990,adriflores71@hotmail.com
3853,14140,1998,bivignaud536@hotmail.com
1824,14140,1934,bibliotecapopularjifreyre@gmail.com
3931,14140,1995,fernandoercole@hotmail.com
581,14140,1918,bisarlasvarillas@gmail.com
2360,14140,1945,clubalmafuertelv970@gmail.com
560,14140,1926,bibliotecapopularycc@gmail.com
3997,14140,1980,bpmarianomoreno@yahoo.com.ar
1541,14147,1931,bibliotecapopular4@gmail.com
1647,14147,1932,labpdealtagracia@gmail.com
4392,14147,2022,bpgarabatos@gmail.com
4101,14147,1980,bibliotecaarnalponti@yahoo.com.ar
4362,14147,2016,bplaurdimbre@gmail.com
3763,14147,1998,pizzurno10@hotmail.com
4019,14091,2001,bibliotecahg@gmail.com
4126,14098,1980,bibliomanuelamedina@yahoo.com.ar
4042,14119,2001,bibliorayuela@yahoo.com.ar
3520,14161,1996,bibpopjamescraik@hotmail.com
3596,14161,1997,biblioppmfierrolp@hotmail.com
2936,14161,1976,bibliotecatancacha@hotmail.com
528,14182,1907,bprjcarcano@yahoo.com.ar
2737,14182,1947,malambo_laborde@yahoo.com.ar
586,14182,1917,bibliommm@yahoo.com.ar
4218,14182,1980,m10ruben@hotmail.com
1837,14182,1931,atleticopascanas@yahoo.com.ar
2203,14182,1943,biblio_we@hotmail.com
495,18021,1980,biblioctesmagda@hotmail.com
1078,18021,1923,bpjcontte1078@yahoo.com.ar
3298,18021,1980,librosabato@yahoo.com.ar
3317,18021,1994,bparandu@hotmail.com
3337,18021,1980,nanuva03@yahoo.com.ar
3813,18021,1998,bibliotevaperon@arnet.com.ar
4165,18021,1980,coembapora@yahoo.com.ar
4307,18021,1996,bibliotecaescritorescorrentinos@hotmail.com
4202,18028,1980,bpcbobsin@hotmail.com
4104,18028,2004,bibliopopfm@hotmail.com
517,18035,1914,acyacbpr@gmail.com
3078,18035,1986,cuatiarenda_@hotmail.com
501,18070,1911,bpsarmientogoya@gmail.com
1957,18056,1936,bibliotecapopularalvear@hotmail.com
502,18063,1914,bibliotecapopularrivera@hotmail.com
3472,18063,1995,bpleamosjuntos2010@hotmail.com
509,18105,1910,literariabelgrano@gmail.com
1530,18105,1909,bibliotecasarmientomercedes@gmail.com
2595,18105,1940,bp2595@gmail.com
506,18112,1909,biblio506@hotmail.com
2171,18112,1936,bibliotecalainez@hotmail.com
511,18119,1904,bsarmiento@arnet.com.ar
3375,18119,1980,bibliotecapopularpasolibres@hotmail.com
4088,18119,2002,bpramonbarboza@hotmail.com
3757,18133,1998,bipsancosme@gmail.com
3285,18140,1916,bp3285@bepe.ar
2970,18168,1967,bibliotecavnc@cableat.net
512,18168,1980,biblioteca512@hotmail.com
4239,30008,1997,bibliotecaarroyobaru@hotmail.com
1251,30008,1905,fabricacolon@hotmail.com
387,30008,1904,biburquiza@yahoo.com.ar
3482,30008,1996,freddimartin@hotmail.com
381,30008,1904,bpgmitre@yahoo.com.ar
3589,30015,1996,biblioteca3589@hotmail.com
334,30021,1980,biblioteca_ramirez@yahoo.com.ar
4378,30021,2018,bibliotecaestacionpuiggari@gmail.com
385,30028,1909,bibliotecapopularurquiza@multichajari.com.ar 
4355,30028,2007,bipo_sabe@outlook.com
4396,30035,1940,bernardi.bibliotecapopular@gmail.com
382,30035,1912,bibliofederal@hotmail.com
3614,30049,1991,luzdeprovincia@arnet.com.ar
2266,30056,1943,bibliotecalopezjordangchu@gmail.com
4240,30056,2000,teresamajul@hotmail.com
3798,30063,1998,bpsm3798@hotmail.com
3401,30070,1980,bibliotecase@hotmail.com
3608,30077,1986,biblio.l.alem@hotmail.com
3290,30077,1980,laviejaestacionhernandez@hotmail.com
4043,30084,2001,biblioteca.avellaneda@gmail.com
1615,30084,1932,bporientacion@arnet.com.ar
3751,30084,1980,bibliotecalosaromos@gmail.com
4054,30084,2001,bpcup2001@yahoo.com.ar
4078,30088,2003,serprotagonistas@gmail.com
3917,30088,1976,bibliosansalvador@yahoo.com.ar
401,30091,1920,bibliotecacarruego@gmail.com 
886,30098,1919,bluzobrera1919@yahoo.com.ar
4146,30098,1980,bibliojherrera@yahoo.com.ar
4359,30098,2000,bibliotecapopularsanjusto@hotmail.com
4388,30098,2021,bibliotecapestacion@hotmail.com
3330,34014,1980,bpsimonotto@fibertel.com.ar
3433,34014,1980,bpmargaritadiez@hotmail.com
3314,34035,1994,bipopesfo@hotmail.com
3955,34049,1999,jjbogarin@hotmail.com
2974,34056,1978,biblisanmartin@hotmail.com
3462,38007,1915,cesarmamani29@yahoo.com.ar
3391,38021,1980,bibliotecapopularjorgecalvetti@hotmail.com 
3657,38021,1997,bibliotecaepam3@yahoo.com.ar
763,38014,1905,bibliotecadomingotperez@gmail.com
1198,38056,1926,silvio_valencia@hotmail.com
3575,38063,1980,bibliosanjoseobrero@hotmail.com
3219,38014,1993,biblmonterrico@gmail.com
3215,42007,1980,bmfierrodoblas@cosedo.com.ar
3251,42007,1980,bibliotecaerosiri@gmail.com
2137,42007,1980,bibliotecariglos@yahoo.com.ar
1990,42007,1914,bibliorolon@gmail.com
4300,42007,2005,bpjoaquinanchorena@gmail.com
3279,42014,1980,bibliotecalaadela@hotmail.com
3386,42021,1995,biblioanguil@gmail.com
2317,42021,1980,biblo2317@gmail.com
3737,42021,1994,bibliorodo@cpenet.com.ar
4124,42021,1980,biblioteca_emorisoli@hotmail.com
4251,42021,2009,bibliotecapopularteresaperez@gmail.com
4270,42021,2009,bibliomiguelgomez@gmail.com
4345,42021,2014,bpmalvinasargentinas@gmail.com
3839,42028,1980,bp3839@bepe.ar
3722,42028,1997,ivaveroferrer@yahoo.com.ar
3214,42056,1993,bibliochapaleufu@hotmail.com
2679,42056,1932,bprenovacion@gmail.com
1499,42056,1929,bibliovertiz@yahoo.com.ar
3617,42035,1998,biblioconhello@yahoo.com.ar
3181,42035,1980,biblio_mayer@yahoo.com.ar
2316,42035,1946,biblomn@yahoo.com.ar
1646,42035,1932,popularsarmiento@yahoo.com.ar
3250,42070,1984,biblioalp@yahoo.com.ar
806,42070,1921,sonirack77@yahoo.com.ar
2259,42070,1945,guatrachebpalmafuerte@gmail.com
3416,42070,1994,bibliojosebarbero@gmail.com
3874,42077,1980,bibabramo@hotmail.com
2786,42077,1958,bibliotecammoreno@yahoo.com.ar
883,42077,1923,biblioteca_adelvalle@hotmail.com
3309,42077,1980,falciola@cooparauz.com.ar
3546,42098,1996,bibliocq@hotmail.com
1509,42098,1931,biblio_mb_luantoro@hotmail.com
815,42098,1905,bibliorica@yahoo.com.ar
1555,42105,1931,almafuerte_1555@yahoo.com.ar
4080,42105,2003,bibliotecarosales@hotmail.com
808,42105,1912,bibliotecaestrada@yahoo.com
2803,42105,1958,bibliotecajvg@yahoo.com.ar
2807,42105,1961,bibliotecagarro@gmail.com
1945,42105,1937,biblioamartello@hotmail.com
3231,42119,1993,josehernandezbp@yahoo.com.ar
816,42119,1911,bpraulbdiaz@yahoo.com.ar
1477,42126,1930,bibliotecacaleufu@yahoo.com.ar
3186,42126,1987,bibliotecalamaruja@hotmail.com
3480,42126,1995,bibliotecajorgepicca@yahoo.com.ar
823,42126,1915,biblioquetre@cernet.com.ar
1766,42126,1932,bibrancul452@hotmail.com
3565,42133,1980,vanpraetbiblioteca@yahoo.com.ar
805,42133,1919,bibmartini@hotmail.com
2355,42133,1948,bibliotecaingenieroluiggi@hotmail.com
916,42133,1920,margaretsos@hotmail.com
3434,42133,1994,gildarodriguez_73@hotmail.com
819,42035,1932,bibliosm@cospec.com.ar
897,42140,1921,bibliotecatoay@cpenet.com.ar
1556,42147,1931,biblioarata@yahoo.com.ar
2647,42147,1926,bibliotecatrenel@yahoo.com.ar
2373,42154,1934,bibpopataliva@yahoo.com.ar
2387,42154,1943,biblioteca_sv@yahoo.com.ar
901,42154,1922,biflora.me@hotmail.com
3347,42154,1980,biblioacha@yahoo.com.ar
1345,46014,1980,bmarcelinoreyes@gmail.com
4187,46014,1980,bibliociudadnar@hotmail.com
725,46035,1921,enriquealbertostoller@hotmail.com
716,46042,1903,biblioteca026@gmail.com
665,50021,1914,ifsapaag@hotmail.com
2188,50014,1940,bibliotecadimarco@yahoo.com.ar
1364,50014,1928,bibliotecadeoeste@hotmail.com 
3266,50014,1994,bibescritoresalvearenses@gmail.com
2131,50014,1935,bp2131sarmiento@yahoo.com.ar
3497,50028,1980,bipo_jnazareno@yahoo.com.ar
3057,50035,1970,bip3057@gmail.com
3486,50049,1995,bibliotecapmvivante@yahoo.com.ar
4310,50007,2008,bplibrosabiertosmza@gmail.com
4255,50049,2008,noemi84@live.com.ar
1256,50056,1926,bibliotecatomasgcruzcosta@hotmail.com
2894,50056,1971,biblioteca_pujadas@hotmail.com
3725,50063,1996,bibliochacras@yahoo.com.ar
4315,50063,1996,bibliocarrodilla@live.com.ar
4159,50063,1980,bibliolascompuertas@gmail.com
2875,50063,1911,bibliopmalberdi@yahoo.com.ar
4325,50063,1991,biblio_benitojuarez@yahoo.com.ar
4271,50070,1998,bibliotecagutierrez@gmail.com
3613,50070,1995,bibliotecapopularlucilabombal@hotmail.com
692,50084,1915,bip692@hotmail.com
3233,50091,1947,bpmmorenochilecito@yahoo.com.ar
3271,50091,1986,bibliotecadionisiochaca@gmail.com
3190,50091,1992,bibdigenaro@yahoo.com.ar
4246,50091,2005,biblioteca_pedro_azin@hotmail.com
4173,50098,1980,bibliotecarojasmza@hotmail.com
689,50098,1980,bibliopop.julioaroca@gmail.com
1276,50105,1926,bibliotecafranciscopenasco@yahoo.com.ar
3981,50105,1998,labibliotecadelallave_ml@yahoo.com.ar
1576,50105,1932,bibpop1576@yahoo.com.ar
3282,50105,1993,saltodelasrosasbiblioteca@yahoo.com.ar
3212,50105,1992,bpderly@yahoo.com.ar
4293,50112,2002,bibliotecacirot@gmail.com
4144,50098,1980,bibloaltoverde@yahoo.com.ar
4095,50126,2003,bibliotecapopulartupungato@gmail.com
3662,50119,1997,bibliotecapopularesteves@gmail.com
3234,50119,1987,bibliotecapopularvistaflores@yahoo.com.ar
3299,54119,1994,bibcardozo@yahoo.com.ar
3336,54119,1994,bibpop3336@yahoo.com.ar
4394,54021,2021,bibliotecapopularelurunday@gmail.com
793,54028,1913,bibposadas@arnetbiz.com.ar
3421,54028,1994,bibliotecapopularchepoya@gmail.com
4258,54028,2001,bpsurargentino@yahoo.com
2950,54042,1968,bibliotecaeldorado@hotmail.com
3755,54070,1997,bpmejorpasar@hotmail.com.ar
3395,54077,1994,bibpetcoff@yahoo.com.ar
2944,54077,1962,bibliotecahoracioquiroga@live.com
3304,54084,1980,bibliotecahquir@yahoo.com.ar
2561,54091,1946,bibpopsarmiento@yahoo.com.ar
4079,54091,2002,bibleer@yahoo.com.ar
3935,54098,2000,popularsabato@gmail.com
4247,54112,2004,bibliopopu.sanpedro@gmail.com
3756,58014,1997,bibliotecachanar@yahoo.com.ar
4160,58021,1980,bibliotecaquintu@yahoo.com.ar
824,58042,1980,bibliotecaolascoaga_chosmalal@yahoo.com.ar
2747,58035,1958,bibliotecachrodriguez@gmail.com
3092,58035,1987,butaruca@yahoo.com.ar
1342,58035,1928,bibliotecajbalberdi@gmail.com
3100,58035,1989,bibliolimay@yahoo.com.ar
3103,58035,1980,bpjcortazar@yahoo.com.ar
3104,58035,1980,suyaimapu@yahoo.com.ar
3130,58035,1980,dario.millain@gmail.com
3137,58035,1990,biblioeliel@gmail.com
3145,58035,1980,bibliotecaedelman@yahoo.com.ar
3220,58035,1993,bibliopopularkiquesanchezvera@gmail.com
3222,58035,1993,info.biblioberbel@gmail.com
3319,58035,1994,bpescritoresneuquinos@gmail.com
3381,58035,1980,biblioteca_irmac@yahoo.com.ar
3646,58035,1997,bib.granneuquen@hotmail..com
4052,58035,2002,bibliotecadenevares@yahoo.com.ar
4113,58035,2001,bgsmartin@hotmail.com
4162,58035,2004,Biblioteca.popular.huilliches@gmail.com
4237,58035,2003,bibliotecapopularsalomon@hotmail.com
4296,58035,1980,bibliopopespaciodelibertad@yahoo.com.ar
3143,58035,1980,bibliojuanbenigar@hotmail.com
3168,58035,1980,bibliotecavalentinsayhueque@hotmail.com
3099,58035,1980,bibliomalargen@hotmail.com
3919,58035,1993,bibliocarmen.mellado@gmail.com
4254,58035,2002,biblioteca15dejunio@hotmail.com
3023,58049,1983,bpgalvarez@yahoo.com.ar
826,58056,1917,bp9jul@smandes.com.ar
3097,58077,1980,bipopclq@yahoo.com.ar
2142,58084,1942,bibliotecaphuecu@hotmail.com
4305,58091,2005,bibpopjfernandez@hotmail.com
1522,62091,1931,bibliotecapopularjacobacci@yahoo.com.ar
830,62007,1906,biblioteca.mitre@yahoo.com.ar
3150,62007,1990,bibliotecadelninio@hotmail.com
4235,62007,2004,bibliotecapabloneruda@live.com.ar
3147,62014,1980,bibliotecapgv@yahoo.com.ar
832,62014,1918,bibliotecachoelechoel@yahoo.com.ar
967,62014,1980,elarteesrealidad@yahoo.com.ar
3068,62014,1985,bibliotecalamarque@hotmail.com
2128,62014,1942,bibliopizzurnobeltran@gmail.com
1701,62021,1932,bibliotecasarmiento@elbolson.com
1303,62021,1928,secretaria@bibliotecasarmiento.com.ar
3964,62021,1986,bibliofranciscomoreno@yahoo.com.ar
4023,62021,1999,aliciainchauspe@bariloche.com.ar
4181,62021,1980,biblioborges@hotmail.com
4373,62021,2007,labiblio.bibliotecaries@gmail.com
829,62028,1905,bibliotecageneralconesa@gmail.com
2603,62042,1932,biblio5saltos@hotmail.com
3903,62042,1997,biblioteca_mundo_feliz@yahoo.com.ar
3195,62042,1984,bibliotecaraulentraigas@hotmail.com
3735,62042,1980,bibliotecaescritora@gmail.com
3634,62042,1980,bibliopopulardecordero@yahoo.com.ar
2922,62042,1974,bpamigosdellibro@hotmail.com
2114,62042,1936,bibliotecapopularroca@gmail.com
3082,62042,1980,bipocre@hotmail.com
3362,62042,1980,lesniniesprimero@gmail.com
3600,62042,1980,amancaybibliotecapopular@yahoo.com.ar
4149,62042,1980,bibliopopluciaepullan@yahoo.com.ar
4153,62042,1980,bibliorivera@yahoo.com.ar
4261,62042,2004,bibliotecapopjuliocortazar@hotmail.com
2891,62042,1971,BPRICARDOROJAS@HOTMAIL.COM
4148,62056,1980,bibliotecanorquinco@gmail.com
3941,62070,1980,bibliotecapilcaniyeu@yahoo.com.ar
4374,62077,2006,bibliotecapuertodeleste@outlook.com
2926,62077,1955,bibliotecacincuentenario@yahoo.com.ar
2968,62077,1978,biblionov@yahoo.com.ar
3930,62070,1996,bibliotecapopulardinahuapi@gmail.com
3083,62084,1960,bibliotecaceferino@yahoo.com.ar
4385,66084,2022,barriolamadrid326@gmail.com
3125,66028,1964,biblo424@hotmail.com
3474,66028,1979,bpmacachaguemes-3474@hotmail.com
3651,66028,1994,elba_ugarte@hotmail.com
3734,66028,1997,biposamposal@hotmail.com
3781,66028,1980,bibliotecapopularmariaestergauna@hotmail.com
3808,66028,1980,bibliotecafcosolano@hotmail.es
3822,66028,1997,bpsarmiento3822@hotmail.com
3838,66028,1999,bibliotecanoragodoy@hotmail.com
3868,66028,1999,bibaparicio@hotmail.com
4317,66028,2008,bibliotecamariemadeleine@gmail.com
4342,66028,2012,biblioteca.rosaparks@hotmail.com
3938,66035,1999,bibliotecacerrillos@yahoo.com.ar
3610,66049,1963,martinfierro2004jh@yahoo.com.ar
1366,66049,1928,sarmientobp1366@gmail.com
3759,66056,1998,bibaguaray@hotmail.com
4109,66056,1980,bibliotecaamparofdemaidana@yahoo.com.ar
4083,66077,2002,bibliotecaelmolino4083@yahoo.com.ar
3286,66112,1980,bibliotecapopularelgalpon@yahoo.com.ar
4035,66133,2001,bipmirabal@hotmail.com
3745,66161,1980,bpsantavictoria@gmail.com 
3733,70028,1980,marina_vilte@hotmail.com
2242,70028,1944,bp_camilorojo@yahoo.com.ar
3213,70028,1956,asic_americas@yahoo.com.ar
3311,70028,1980,bibpopem@hotmail.com
2620,70049,1954,biblpoplasflores2620@yahoo.com.ar
3108,70077,1935,cervantesbiblioteca98@gmail.com
3998,70077,1980,Bibliotecapop7@gmail.com
4093,70077,1980,alfonsinastorni.rawsonsj@gmail.com
4217,70077,2008,bibliotecapopularsur@hotmail.es
3133,70028,1990,bibliosanjuan@hotmail.com
3693,70077,1966,bibliotecapopularmarianomoreno@hotmail.com
2152,70084,1940,bibliotecajuanromulofernandez@hotmail.com
3490,70084,1993,bibliotecapabloramellasj@hotmail.com
3112,70091,1988,bibjulioeliasbriggiler@yahoo.com.ar
3637,70098,1997,bibgsm@yahoo.com.ar
3109,70028,1987,biblioteca1defebrero@hotmail.com
4279,70028,2003,bpmariowvictorio@gmail.com
3406,70028,1993,bibliolaescalera@hotmail.com
4354,70112,2009,bibliotecaullum@gmail.com
3706,70119,1996,oscarobles01@gmail.com
603,74028,1916,mario_saulsosa@hotmail.com
3273,74028,1996,bibliotecapopularcaminito@hotmail.com
3444,74021,1980,marthaag_05@hotmail.com
4055,74035,1997,bpfourcade@yahoo.com.ar
987,74035,1937,mariel_ra19@live.com.ar
1827,74035,1934,evelynbcrr9@gmail.com
3188,74035,1980,aguero_cnbp_vm3188@yahoo.com.ar
3504,74035,1995,labibliopopular@yahoo.com.ar
4215,74035,2007,graciela.elisa.alcaraz@gmail.com
3284,74049,1980,micaelabeatriz@hotmail.com
608,74049,1915,bibliopop@live.com
3056,74049,1992,poetaaguero@merlo_sl.com.ar
3594,74049,1980,bipa6@live.com.ar
4369,74049,2017,bibliotecapopular.elfaro@gmail.com
3216,74056,1993,bibliourbanojnunez9@yahoo.com.ar
2639,74056,1954,bibliotecaisaacnewton@gmail.com
3242,74056,1993,bibliobornemann@gmail.com
4186,74056,1980,biblioteborges@hotmail.com
3430,74063,1980,bibliojuanpascualpringles2012@hotmail.com
3323,78014,1994,bibliodelmirador@yahoo.com.ar
4046,78014,1999,biblocs@hotmail.com
3500,78014,1980,biblioaimepaine@hotmail.com
3484,78021,1980,biblioteca@riogallegos.gov.ar
3527,78021,1996,bibliokunfiquiros@yahoo.com
4304,78028,1988,biblioculturaelchalten@yahoo.com.ar
3259,78035,1980,biamigosdelsaber@yahoo.com.ar
490,82077,1980,biblioteca9dejulio@tostado.com.ar
1789,82007,1931,bpsarmientoarmstrong@yahoo.com.ar
3163,82007,1969,bibliobouquet@hotmail.com
2951,82007,1976,bibliotecajhernandez@arnet.com.ar
1936,82007,1934,bibliotecamdeoca@redcrs.com.ar
1600,82007,1930,bibliotortugas@hotmail.com
1599,82014,1932,bpmitrearequito@gmail.com
2760,82014,1953,bibelateneo@gmail.com
411,82014,1908,bibcasado@arnet.com.ar
2189,82014,1939,biblbelgrano@gmail.com
2601,82021,1953,bibliotecadeangelica@hotmail.com.ar
4365,82021,2001,bp_arcoiris_bi@yahoo.com.ar
4316,82021,2013,bib-alfonsinastorni.cbicha@hotmail.com
1408,82021,1929,bpmoreno1408@yahoo.com.ar
4337,82021,2010,bibliotecareinaudi@hotmail.com
2997,82021,1974,bpmj@coopmj.com.ar
2254,82021,1937,biblioteca_jmestrada@hotmail.com
2927,82021,1939,biblioteca2927@yahoo.com.ar
4291,82021,2010,bibliombrasca@hotmail.com
3986,82021,1925,bp.mm@hotmail.com
1680,82028,1932,aropalo@yahoo.com.ar
859,82028,1921,bibliotecabombal@bombal.net.ar
3032,82028,1963,bibcervantes3032@yahoo.com.ar
424,82028,1918,bibliotecajbmolina@gmail.com
479,82028,1917,bibliotecapeylsp@yahoo.com.ar
481,82028,1920,bibliopeyrano@gmail.com
467,82028,1980,bpmanuelbelgrano@hotmail.com
1808,82028,1917,binioro@gmail.com
3957,82035,2000,bpdomingogsilva@yahoo.com.ar
2945,82042,1925,biblio2945amenabar@hotmail.com
1952,82042,1937,biblioteca_chovet@hotmail.com
3447,82014,1963,bpsarmiento1963@gmail.com
3029,82042,1975,bibliohug@gmail.com
2942,82042,1976,bibliotecalugones@bombal.net.ar
2472,82042,1950,bibliomm@hotmail.com
488,82042,1917,bibliopopular488@hotmail.com
1175,82042,1913,bibliopoprmunijoseingenieros@gmail.com
2037,82042,1934,crycuniondelnorte@gmail.com
1472,82042,1930,bibliosancti@coopsancti.com.ar
2339,82042,1937,bibliorivadavia@hotmail.com
469,82042,1930,biblioameghino@powervt.com.ar
1582,82042,1931,aliciamargalida2002@yahoo.com.ar
2840,82042,1960,bp2840@bepe.ar
2642,82049,1954,bibliopopularmmavellaneda@hotmail.com
4167,82049,1980,bibjuliomigno@hotmail.com
3812,82049,1980,graciela_2102@hotmail.com
4360,82049,2013,bibliotecafortinarenales@outlook.es
4154,82049,1980,bp15dejunio@yahoo.com.ar
426,82049,1922,biblioteca@malabrigo.com
2012,82049,1980,biblio_marianomoreno@hotmail.com.ar
4060,82049,1980,bibliovillaana_1994@hotmail.com
2208,82056,1936,biblioppizzurno@hotmail.com
2883,82056,1970,biblioastorni@yahoo.com.ar
414,82056,1920,biblioteca.br@gmail.com
2831,82056,1943,bibliosarmientoadeo@hotmail.com
1041,82119,1924,c3biblpizzurno1@yahoo.com.ar
2178,82056,1943,biblioteca_carrizales@hotmail.com
3936,82056,1976,bibpcorrea@hotmail.com
4070,82056,2002,giaconecarlos@yahoo.com.ar
973,82056,1920,amigosdelabibliotecasarmiento@gmail.com
2913,82056,1973,ccvigilveloisa@outlook.com
1083,82063,1925,bibalberdilp@hotmail.com
463,82063,1918,dgsilva23@hotmail.com
455,82063,1907,bibliomitre0455@yahoo.com.ar
487,82063,1912,biblioteca_moreno@yahoo.com.ar
1016,82063,1915,bibpop@santafe-conicet.gov.ar
2123,82063,1939,bibliobrown@hotmail.com
2331,82063,1947,bibmaestro@gmail.com
2444,82063,1943,centro.espaniolbp.santafe@gmail.com
2611,82063,1942,bibliotecambooz@gmail.com
2772,82063,1929,bpizzurnosfe@hotmail.com
3934,82063,1976,bibliotecabica@gmail.com
4301,82063,2010,bibliotecapopularosvaldobayer@yahoo.com.ar
4302,82063,2009,bibliotecapopularsantafesina@hotmail.com
4308,82063,2010,juglaressinfrontera@gmail.com
4330,82063,2013,biblioamilcarrenna@gmail.com
2885,82070,1969,jbalberdi@educ.ar
1144,82070,1926,bibliopopular@hotmail.com
945,82070,1922,bibliohumboldt@arnet.com.ar
2207,82070,1943,biblioteca.jbalberdi@hotmail.com
4381,82070,2018,josehernandezbibliotecapopular@gmail.com
4206,82070,1980,bibliotecagunziger@hotmail.com
4298,82070,2010,bibliotecapopularnuevotorino@gmail.com
3873,82070,1998,bibliote@pilar-sfe.com.ar
4226,82070,2003,bibliotecapopularmed@hotmail.com
4379,82070,2018,bibpop.angelaperaltapino@hotmail.com
4234,82070,2006,comunasape@yahoo.com.ar
3978,82070,2000,bibliotecammsjn@hotmail.com
2811,82070,1935,bibliosantodomingo@gmail.com
1800,82084,1932,bibliotecajmalet@gmail.com
470,82084,1917,bibliocgspano@msn.com
1265,82084,1980,biblioteca25demayo@gmail.com
3898,82084,2000,bpelbuensaber2004@yahoo.com.ar
4220,82084,2007,bibliotecajuliomigno@hotmail.com
483,82084,1911,bibpopee@yahoo.com.ar
982,82084,1922,bibliotecaamoralestudio@hotmail.com
1093,82084,1925,bibaristobulo@yahoo.com.ar
2004,82084,1935,bibliotecaalberdi@hotmail.com
2005,82084,1936,bibliohomero@hotmail.com
2094,82084,1928,bibpopfherrera@yahoo.com.ar
2449,82084,1910,biblarg@rosario.gov.ar
2690,82084,1944,bpccvigil@gmail.com
3006,82084,1979,bpmorenorosario@hotmail.com.ar
3199,82084,1990,bibalfonsina@gmail.com
3528,82084,1976,bibliolaflorida@yahoo.com.ar
3869,82084,1980,bibliorfontanarrosa@hotmail.com
3907,82084,2000,bibliocachilo@gmail.com
3980,82084,2000,bibliotecaamaprosario@gmail.com
4082,82084,2002,bpgastongori@hotmail.com
4191,82084,1980,nogaralito@hotmail.com
3923,82084,2000,bpedronisoldini@yahoo.com.ar
3892,82084,1995,bibliotecauranga@hotmail.com
3911,82091,2000,masosa@cooparrufo.com.ar
413,82091,1910,gorositodaniela@hotmail.com
4397,82091,2022,cr19.biblioteca@gmail.com
2187,82091,1935,bibpopalberdi@yahoo.com.ar
460,82091,1910,bibliotecapop_sancristobal@hotmail.com
1924,82091,1933,bpsarmiento.suardi@gmail.com
3948,82091,2000,biblioalas@vtcc.com.ar
4157,82098,1980,compartir-08@hotmail.com
3155,82098,1981,bpd@romang.trcnet.com.ar
4038,82098,1983,bibliojmigno@yahoo.com.ar
4356,82105,2014,bibliotecap_loslibrosyelrio@outlook.com.ar
4282,82105,2011,bpcdiaz@hotmail.com
420,82105,1905,bibliotecagalvez@cablenet.com.ar
476,82105,1919,biblalcacer@hotmail.com
925,82112,1922,bibliotecagcrespo@hotmail.com.ar
4068,82112,2002,bibliolacriolla@gcrespo.com.ar
991,82112,1919,biblioteca@sanjustosf.com.ar
3977,82112,2000,normagcarena@hotmail.com
4353,82112,2006,videlac.cultural@gmail.com
3570,82119,1977,bibcb@hotmail.com
1152,82119,1917,bibliotecasarmiento@arnet.com.ar
2038,82119,1939,bibliotecapopular.almafuerte@gmail.com
1119,82126,1924,bibliotecacdarosquin@velosat.com.ar
473,82126,1917,bibliomarmol@live.com
985,82126,1924,bmitre24@yahoo.com.ar
3365,82126,2005,bibliopiccolo@eltrebol.gov.ar
3013,82126,1979,bibliotecapopulardelandeta@gmail.com
4223,82126,2008,bpalejandria@outlook.com
1970,82126,1937,bpsm1970@gmail.com
1838,82126,1934,bpsme@sme.com.ar
876,82126,1919,bipsm@sme.com.ar
4029,82021,1980,bibjhernandez4029@yahoo.com.ar
4015,82070,2002,bibliopopularfelicia@outlook.com
4174,82014,2004,bibpopmarianomoreno@yahoo.com.ar
4198,82133,1980,bibliotecaangelmedina@hotmail.com
3030,82133,1980,garabato@trcnet.com.ar
3390,82133,1995,bptanino@csdnet.com.ar
3379,82133,1994,biblioteca@cosemar.com.ar
3703,86028,1980,bpnassif@hotmail.com
2763,86035,1940,bibliotecapopularconradojuarez@hotmail.com
3123,86035,1966,bpcarlospellegrini@live.com.ar
3174,86035,1987,bibliotecadbravo@hotmail.com
3274,86035,1994,bpsanmartinlabanda@hotmail.com.ar
3827,86035,1980,bibpopriodulce@hotmail.com
4089,86035,1980,mishquila8@hotmail.com
2252,86042,1943,bpbelgrano2252_bandera@hotmail.com
1204,86049,1926,bpaalvarez@hotmail.com
1662,86049,1930,bibliounzaga@yahoo.es
2084,86049,1938,bibliotecarrojas@gmail.com
3122,86049,1933,bpe_echeverria@hotmail.com
3496,86049,1980,bpclubdemaestros@hotmail.com
3566,86049,1996,bibliosigloveintiuno@hotmail.com
4057,86049,1936,biblioteca_marmol@hotmail.com
4200,86049,1980,bp.canal-feijot-sgo@hotmail.es
4358,86049,2003,bibliotecashun.16@gmail.com
612,86077,1919,pedrourquizanqn@hotmail.com
1179,86077,1922,bibsarmientoanatuya@hotmail.com
4253,86091,2009,bpmarianomorenoph@gmail.com
3816,86105,1999,bibliotecaeduardomiguel@hotmail.com
1497,86147,1917,juanaro66@hotmail.com
4328,86161,2012,bibliotecaelalgarrobal@gmail.com
2597,94007,1953,bibliotecaeduardoschmidt@hotmail.com.ar
3239,94007,1993,bibliotecaij@hotmail.com
3340,94007,1980,bibliotecakaukren@hotmail.com
3951,94007,2001,nuestra_biblioteca@hotmail.com
4150,94007,1980,bplmp@hotmail.com
4386,90084,2022,patriagrandebp@gmail.com
644,90084,1903,bipopalberdi100@hotmail.com
4050,90084,2001,bibliosaberciudadano@hotmail.com
4333,90084,2011,bpob.osvaldobayer@gmail.com
3539,90014,1988,biblugones@hotmail.com
3119,90014,1980,bp_juanpablo2tuc@hotmail.com
3532,90056,1995,bibliopadresaravia@gmail.com
642,90070,1906,sociedadybibliotecamitre@yahoo.com.ar
2418,90070,1949,bibliotecaluisabuffodeferro@yahoo.com.ar
3116,90070,1987,biblioarancibia@hotmail.com
1799,90070,1929,bpcnv@yahoo.com.ar
4158,90119,1980,bibliolaranda@yahoo.com.ar
